vs_policy,mean_diff,median_diff,ttest_p,wilcoxon_p
inv_skew,8.199011771098148,0.0,0.9132020355267667,0.039224706542649215
hawkes_aware,68.84346358671269,0.0,0.7087114646118735,0.56847077891672
