vs_policy,mean_diff,median_diff,ttest_p,wilcoxon_p
inv_skew,-23.224522251216047,0.0,0.24655036945197045,0.026560680723223325
hawkes_aware,73.20594003767252,0.0,0.3992097157155902,0.055124010666491974
