vs_policy,mean_diff,median_diff,ttest_p,wilcoxon_p
inv_skew,-145.404424894844,0.0,0.08853431448895356,0.022745072255317505
hawkes_aware,-84.78024503297817,0.0,0.6959005494075604,0.3015513818190494
