vs_policy,mean_diff,median_diff,ttest_p,wilcoxon_p
inv_skew,-308.8935510003376,0.0,0.007322521769400243,0.00024901253452248585
hawkes_aware,-267.0989245701529,0.0,0.09433287947071659,0.0016330702035174797
