vs_policy,mean_diff,median_diff,ttest_p,wilcoxon_p
inv_skew,218.13710658046585,0.0,0.41528781157134215,0.23865079249781518
hawkes_aware,947.8270903202534,0.0,0.08494705380511133,0.20698834237125818
